"","Species","EdHd","MoBd","JlHd","EhBd","BlBd","HdBd","PFiBd","PFlBl","CFdCPd","Length","AVG_MXL","AVG_LMAT","AVG_AGEMAT","AVG_LONGY","AVG_FECUND","AVG_EGGSIZE","AVG_Troph","Tp_pref","Q_pref","number_nas","AVG_RGUILD_ORD"
"1","Abramis brama",0.397435897,0.582905087,0.17708350294482,0.636374818,1.27736724073785,0.417105608,0.427800624,0.18413182,1.44195578331843,4.4188406077966,4.36944785246702,5.30330490805908,1.50407739677627,3.11351530921037,12.3674918455471,0.955511445027436,"Omnivore",20.87,2.1770218700187,0,"1"
"2","Acanthopagrus australis",0.257335892,0.312709677,0.33646938090285,0.506912442,0.379181061157626,NA,0.381928615,NA,NA,NA,4.20469261939097,NA,1.6094379124341,2.70805020110221,NA,NA,"Piscivore",24.26,0.708035793053696,7,"1"
"3","Achondrostoma arcasii",0.383017098,0.359907758,0.330766853977438,0.434414978,1.50251237320996,0.507366533,0.206647267,0.189963951,1.37607813448707,2.43361335540045,3.25809653802148,3.04452243772342,1.09861228866811,NA,NA,NA,"Omnivore",23.62,1.59330853050422,3,"1"
"4","Alburnoides bipunctatus",0.623262053,0.488984023,0.457667534043698,0.525739563,1.50691708747989,0.451359456,0.268386674,0.204675647,1.46836819089843,2.83321334405622,2.81343071656004,3.93182563272433,1.25276296849537,2.77258872223978,8.55062796750248,0.955511445027436,"Omnivore",21.51,2.6775909936175,1,"1"
"5","Alburnus alburnus",0.540985824,0.559971056,0.365406827439786,0.559971056,1.65889963296384,0.429576461,0.2766026,0.152191702,1.07919901048573,3.25809653802148,3.13549421592915,4.34055338646731,1.05779029414785,2.19722457733622,8.74049672993181,0.867100487683383,"Invertivore",21.53,2.30458309565672,0,"1"
"6","Alosa agone",0.367743118,0.555970246,0.635534371615823,0.590447952,0.385552663422276,NA,0.135772914,NA,NA,NA,3.66356164612965,5.37527840768417,1.25276296849537,1.94591014905531,12.2060776455177,NA,"Omnivore",22.24,3.32287541488669,6,"1"
"7","Alosa chrysochloris",0.39763413,0.642865555,0.552499698810506,0.652789513,1.56748552008823,0.561015951,0.18814041,0.146598491,1.2728251870248,3.93182563272433,3.93182563272433,5.63657372496275,1.25276296849537,1.6094379124341,13.1596610889284,0.667829372575655,"Invertivore-piscivore",28.23,4.73312355029855,1,"1"
"8","Ambassis agassizii",0.496479313,0.604274606,0.441817871596894,0.510690673,1.32395171687897,0.598802445,0.307522142,0.230217237,1.33294034648507,2.19722457733622,2.19722457733622,3.36729582998647,0.693147180559945,1.6094379124341,6.62140565176413,0.425267735404344,"Invertivore",30.3,1.43508452528932,1,"1"
"9","Ambassis marianus",0.527202703,0.499904068,0.313971958234069,0.430526243,1.31492215841091,0.567915826,0.338685045,0.117670423,1.29763840773735,2.39789527279837,2.58021682959233,4.11087386417331,0.587786664902119,1.38629436111989,8.80131894766524,0.53062825106217,"Invertivore",25.93,0.832909122935104,1,"1"
"10","Ambloplites rupestris",0.385614211,0.417820293,0.403929445581817,0.524442688,1.25688774873804,0.607382193,0.342235628,0.196628382,1.19794837996813,3.78418963391826,3.78418963391826,4.59511985013459,1.25276296849537,2.94443897916644,8.77971129020447,1.05779029414785,"Invertivore-piscivore",23.38,2.30558060197384,0,"4"
"11","Ameiurus brunneus",0.346760551,0.306917386,0.377240669021329,0.530260362,1.65457265396518,0.559919101,0.32942065,0.165453434,1.09136408579664,3.40119738166216,3.40119738166216,5.54126354515843,1.38629436111989,1.94591014905531,7.46336304552002,1.38629436111989,"Invertivore",27.48,2.24070968927596,0,"4"
"12","Ameiurus melas",0.210539107,0.404241848,0.28261198500267,0.48507337,1.62953248338509,0.570236413,0.389497283,0.157155275,1.16739193195688,4.20469261939097,4.08176578001524,5.13579843705026,1.38629436111989,2.39789527279837,8.35490952835879,1.18478998490916,"Invertivore-piscivore",25.82,2.26592110862245,0,"4"
"13","Ameiurus natalis",0.21082667,0.576156738,0.374489904977642,0.685748816,1.83967859574161,0.687800064,0.300934704,0.161264652,1.05964723805704,3.87120101090789,3.87120101090789,5.4553211153577,1.25276296849537,2.07944154167984,8.372398606513,1.28093384546206,"Invertivore-piscivore",27.55,2.23001440015921,0,"4"
"14","Ameiurus nebulosus",0.268012891,0.345555201,0.408053679531079,0.463754674,1.60334711331914,0.490174198,0.347816005,0.153249389,1.04356125086828,4.02535169073515,3.89859322831642,5.16763904290592,1.38629436111989,2.39789527279837,8.75373932552041,1.1314021114911,"Invertivore-piscivore",23.01,2.3664984187377,0,"4"
"15","Amia calva",0.239979202,0.426656985,0.684493928935692,0.566364057,1.76401148631478,0.564385118,0.203431917,0.125053001,0.860675302080654,4.70048036579242,4.70048036579242,6.40687998606931,1.70474809223843,3.43398720448515,10.4042931430198,1.27536280041261,"Invertivore-piscivore",27.69,2.79055142261395,0,"4"
"16","Ammocrypta clara",0.590915319,0.157762307,0.506802744426748,0.425466729,2.10212123189575,0.570869837,0.425466729,0.14737824,1.07629435536039,2.07944154167984,2.09186406167839,3.97968165390196,0.693147180559945,1.38629436111989,5.26527751246984,0.628608659422374,"Invertivore",27.97,4.2524872633189,0,"1"
"17","Amniataba percoides",0.518725926,0.276024412,0.328493400195146,0.43855936,1.28039088614188,0.405856357,0.312160659,0.195897189,1.28329106004751,2.94443897916644,3.04452243772342,4.39444915467244,0.587786664902119,1.6094379124341,11.7360770162524,0.336472236621213,"Omnivore",32.06,1.64480505627139,1,"1"
"18","Anguilla anguilla",0.249665422,0.720516313,0.332853263172113,0.821233167,2.84602172424168,0.634091873,0.604546774,0.04466753,0,4.89783979995091,5.18552373807259,6.37757692670033,2.54553127160443,3.97968165390196,14.5086582385241,0.625938430866495,"Invertivore-piscivore",20.3,1.83896107071235,0,"1"
"19","Anguilla australis",0.311512112,0.500616174,0.318197249502664,0.573910584,2.55873728086719,0.451180832,0.573910584,0.037081167,0,4.87519732320115,4.70953020131233,6.73459165997295,3.06805293513362,3.49650756146648,15.6480921817126,0.215111379616945,"Invertivore-piscivore",19.41,0.717839793150317,1,"1"
"20","Anguilla reinhardtii",0.292541908,0.386335896,0.466002457096829,0.487382522,2.20001608544944,0.366791773,0.52447211,0.065195694,0,5.30330490805908,5.30330490805908,6.60800062529609,3.25809653802148,3.8286413964891,14.5086582385241,0.198850858745165,"Invertivore-piscivore",25.2,0.867100487683383,1,"1"
"21","Anguilla rostrata",0.31401802,0.152306862,0.724749823802753,0.32608484,2.86406304431223,0.393905601,0.577587199,0.037438892,0,5.03043792139244,4.72738781871234,6.25670927444083,2.56494935746154,3.93182563272433,14.1870748040517,0.548121408509688,"Invertivore-piscivore",27.51,2.15292431843964,1,NA
"22","Aphredoderus sayanus",0.321428571,0.572288456,0.25304903442587,0.581351168,1.43244554409665,0.542793448,0.409644276,0.179561218,1.22517501204647,2.70805020110221,2.70805020110221,3.58351893845611,1.09861228866811,1.79175946922805,4.98017608661155,0.854415328156068,"Invertivore-piscivore",28.24,2.25758772706331,0,"4"
"23","Aplodinotus grunniens",0.381944444,0.221978663,0.435336249269095,0.437381228,1.32744049195456,0.42003019,0.410993707,0.223393187,1.31749144114458,4.56434819146784,4.56434819146784,5.95842469302978,1.87180217690159,2.89037175789616,12.496878583629,0.8754687373539,"Invertivore-piscivore",28.19,4.17392562489244,0,"1"
"24","Arrhamphus sclerolepis",0.634146341,0.543557005,0.422985522024298,0.517951565,2.02674848281578,0.569009784,0.697411699,0.130548424,1.58412010444981,3.61091791264422,3.71357206670431,5.37527840768417,0.693147180559945,2.07944154167984,8.92279162396964,1.25276296849537,"Herbivore-detritivore",28.65,1.7281094421516,1,"1"
"25","Astyanax mexicanus",0.440611385,0.516996332,0.232824416953997,0.493886355,1.33595914420846,0.480657768,0.141085866,0.148993573,1.3816160167125,2.56494935746154,2.56494935746154,4.11087386417331,0.405465108108164,1.09861228866811,9.83708062033853,0.53062825106217,"Omnivore",29.32,2.45014265735166,0,"2"
"26","Atherina presbyter",0.550913043,0.772539198,0.429332589477072,0.725472123,0.525484968206431,NA,0.177388105,NA,NA,NA,3.04452243772342,3.71357206670431,0.916290731874155,1.6094379124341,5.41787660160568,1.09861228866811,"Invertivore",22.59,1.42069578783722,5,"1"
"27","Awaous acritosus",0.259216057,0.457224137,0.515204181675197,0.706078013,0.464325302394308,NA,0.139384604,NA,NA,NA,3.04452243772342,4.26267987704132,1.09861228866811,1.79175946922805,12.6115410869661,0.262364264467491,"Omnivore",27.37,1.19392246847243,5,"3"
"28","Barbatula barbatula",0.30066,0,NA,0.489219782,2.04435322970333,0.673763644,0,0.144789579,1.01334895423419,3.09104245335832,2.96181348035037,4.0342406381524,1.09861228866811,2.07944154167984,8.23924228388834,0.587786664902119,"Invertivore",20.5,2.09186406167839,1,"1"
"29","Barbatula quignardi",0.30066,0,NA,0.489219782,0.515074769745061,NA,0.144789579,NA,NA,NA,2.07944154167984,3.71357206670431,1.09861228866811,2.07944154167984,8.23924228388834,0.587786664902119,"Invertivore",22.32,1.91985947185537,5,"1"
"30","Barbus barbus",0.23787234,0,0.261316252417733,0.371264757,1.6230197398304,0.388291764,0.239724726,0.155661105,1.19532173268186,4.79579054559674,4.61512051684126,5.63835466933375,1.70474809223843,2.83321334405622,10.5023515257749,1.15373158788919,"Invertivore",21.23,2.72915916431245,0,"1"
"31","Barbus haasi",0.333333333,0.31583474,0.338232591287359,0.577246748,1.64490193922287,0.489902564,0.352392358,0.184914063,1.25279868214334,3.43398720448515,3.43398720448515,3.25809653802148,0.693147180559945,NA,8.5173931714189,NA,"Invertivore",24.62,1.37624402526639,2,"1"
"32","Barbus meridionalis",0.369288025,0.389645339,0.354171690211834,0.627147112,1.6918279506013,0.529538889,0.303137527,0.195501026,1.16606012676098,3.25809653802148,3.32143241319329,NA,1.25276296849537,NA,10.0513039272303,NA,"Omnivore",23.31,2.00012773496011,3,"1"
"33","Blicca bjoerkna",0.503950374,0.36573788,0.286138013756453,0.459238245,1.24870199216734,0.354092467,0.308156845,0.17880226,1.38616701626188,3.61091791264422,3.57422589154452,4.91265488573605,1.44691898293633,2.60268968544438,11.1936518603472,0.982078472412158,"Omnivore",20.95,2.33408376005342,0,"1"
"34","Campostoma anomalum",0.2304875,0.204529035,0.391433794695187,0.540899385,1.62331678279749,0.642188579,0.22954228,0.153619026,1.23921609686463,3.13549421592915,3.13549421592915,4.55912624748668,1.25276296849537,1.79175946922805,7.81439963380449,0.993251773010283,"Herbivore-detritivore",25.87,2.17247640764703,0,"2"
"35","Campostoma oligolepis",0.2075996,0.110064891,0.380904059179581,0.433969409,1.60919526279706,0.609792104,0.188743188,0.129409461,1.18451347206527,3.13549421592915,3.13549421592915,4.55387689160054,1.25276296849537,1.6094379124341,7.32052696227274,0.8754687373539,"Herbivore-detritivore",26.32,2.33601986908028,0,"2"
"36","Carassius auratus",0.27027027,0.327172908,0.227114036893689,0.42197838,1.29362942995838,0.396870089,0.238048758,0.175272227,1.10398546261274,4.0943445622221,4.04742764243435,4.89162650751405,1.25276296849537,2.75174805636793,12.2914900987313,0.908258560176891,"Omnivore",24.47,2.15755932094379,0,"2"
"37","Carassius carassius",0.324293648,0.459792912,0.245740892502092,0.532474758,1.12531655003157,0.381243561,0.267530394,0.185643105,0.970363302014336,4.17438726989564,4.04887637417495,4.56434819146784,1.17865499634165,2.60268968544438,11.0338649456342,0.871293365943419,"Omnivore",20.65,1.97823903617067,0,"1"
"38","Carassius gibelio",0.45980479,0.46399493,0.365421046336415,0.516476304,1.23498150893144,0.422883904,0.238702184,0.194932843,1.1322509379102,3.8286413964891,3.79172932072839,4.93985511203521,1.09861228866811,3.3499040872746,12.474830542484,0.746687947487975,"Omnivore",21.36,2.64119789411437,1,"1"
"39","Carpiodes carpio",0.324786325,0.144056636,0.325076661562721,0.383156927,1.46733888818937,0.407628577,0.157679095,0.167496868,1.28293085815973,4.17438726989564,4.17438726989564,5.67931900247783,1.6094379124341,2.484906649788,11.5129354649202,0.854415328156068,"Herbivore-detritivore",28.94,3.22684399451738,0,"1"
"40","Carpiodes cyprinus",0.345323741,0.152401953,0.211868718191046,0.438339662,1.37596268847268,0.489619365,0.092788153,0.191733432,1.32135264697761,4.20469261939097,4.20469261939097,5.62762111369064,1.6094379124341,2.56494935746154,12.1421659247647,0.993251773010283,"Herbivore-detritivore",26.05,3.70770120835452,1,"1"
"41","Carpiodes velifer",0.38966268,0.315598876,0.36183260252133,0.417264842,1.24014860055589,0.397542365,0.110083506,0.179895343,0.975359201395782,3.93182563272433,3.93182563272433,5.4380793089232,1.6094379124341,2.19722457733622,10.859008612902,0.78845736036427,"Herbivore-detritivore",27.63,3.70401434169821,0,"1"
"42","Catostomus commersonii",0.308510638,0.075563026,NA,0.500010462,1.70070161172237,0.65561422,0.171247829,0.186912394,1.26597312151001,4.18965474202643,4.17438726989564,5.83773044716594,1.32175583998232,2.89037175789616,11.2897944135779,1.22671229129543,"Omnivore",23.06,1.8961194845523,1,"1"
"43","Chelon labrosus",0.421724147,0.495619266,0.195343757030674,0.534372112,1.59303473265915,0.392515837,0.617923579,0.168065876,1.39739375605095,4.33073334028633,4.33073334028633,5.69035945432406,1.09861228866811,3.25809653802148,12.899222326087,0.832909122935104,"Omnivore",22.95,1.68639895357023,1,"1"
"44","Chelon ramada",0.333333333,0.623279002,0.307845073040999,0.52997701,1.67534938314493,0.439128975,0.573287182,0.140881139,1.30325167137168,4.26267987704132,4.14709512760763,5.56068163101553,1.09861228866811,2.39789527279837,12.6115410869661,0.46373401623214,"Omnivore",NA,NA,3,"1"
"45","Chondrostoma nasus",0.363636364,0.321312998,0.272979056162739,0.468442813,1.60128648483581,0.418782789,0.276320498,0.15578047,1.19807308213958,3.93182563272433,3.90534072866422,5.29204775353444,1.55814461804655,2.7408400239252,10.7218198611025,1.01160091167848,"Omnivore",21.65,2.99822915375258,0,"1"
"46","Cobitis taenia",0.286353167,0,NA,0.618919452,2.04770847137217,0.802443882,0.161490015,0.114149461,1.0982790664891,2.70805020110221,2.72457950305342,3.98898404656427,0.693147180559945,1.79175946922805,7.11151211649616,1.02245092770255,"Invertivore",21.62,2.18041745901984,1,"1"
"47","Coregonus albula",0.59387889,0.552868056,0.500659765482454,0.552868056,1.70100118242189,0.4445,0.267979167,0.150450051,1.36332228027804,3.8286413964891,3.80109144472086,5.14166355650266,1.09861228866811,2.39789527279837,9.0788263716182,0.871293365943419,"Invertivore",17.32,0.871293365943419,0,"1"
"48","Cottus bairdii",0.385627806,0.435251994,0.455983077175369,0.75187192,1.71572238920836,0.748890462,0.75187192,0.298745377,1.30183558909676,2.77258872223978,2.77258872223978,4.31748811353631,1.09861228866811,1.94591014905531,7.60140233458373,1.20896034583698,"Invertivore",21.56,1.83258146374831,0,"4"
"49","Cottus carolinae",0.538563346,0.358147097,0.563614506962837,0.663106033,1.72638541708721,0.692045246,0.59219103,0.286074536,1.19890577388224,2.94443897916644,2.94443897916644,4.66343909411207,1.09861228866811,1.94591014905531,6.54030823806149,1.17865499634165,"Invertivore",26.16,2.3494686788929,0,"4"
"50","Cottus gobio",0.402236592,0.5019123,0.398932925783497,0.702836958,1.94405503324868,0.779231573,0.497334468,0.229832325,1.30813755680385,2.94443897916644,2.89037175789616,3.90197266957464,0.916290731874155,2.01490302054226,6.0738046138302,1.22964055107451,"Invertivore",19.03,1.93730177451871,0,"4"
"51","Cottus poecilopus",0.329981551,0.433467825,0.625252189574439,0.680627033,1.77833032894475,0.730855531,0.467701429,0.25230542,1.28168195222707,2.77258872223978,2.77258872223978,4.11087386417331,1.09861228866811,2.01490302054226,5.52644845937329,1.38629436111989,"Invertivore",15.98,1.26412672714568,0,"4"
"52","Craterocephalus marjoriae",0.610774049,0.323849984,0.405307004943851,0.454902979,1.56924351988885,0.610609859,0.647504627,0.157448505,0.998008308663341,2.19722457733622,2.37024374146786,3.52636052461616,0.641853886172395,1.09861228866811,5.30330490805908,0.703097511413113,"Omnivore",26.95,0.908258560176891,1,"1"
"53","Craterocephalus stercusmuscarum",0.616854227,0.43639795,0.325154837198333,0.374733386,1.82602729571693,0.640040648,0.549330534,0.121343863,1.48532699421743,2.07944154167984,2.60268968544438,3.61091791264422,0.641853886172395,1.38629436111989,6.21660610108486,0.774727167552368,"Omnivore",30.49,1.8484548129046,0,"1"
"54","Ctenopharyngodon idella",0.332973401,0.498654092,0.404377591643108,0.519795173,1.61381314393456,0.364372974,0.304157707,0.191398274,1.21073572116394,5.01727983681492,4.99495973871082,6.39859493453521,1.94591014905531,3.07592881554827,13.7285002755195,0.867100487683383,"Herbivore-detritivore",25.94,2.78006073707848,0,"1"
"55","Cycleptus elongatus",0.274193548,0,0.19086026719216,0.314704258,1.65795983834515,0.402767402,0.158177153,0.148441836,1.0766256376675,4.54329478227,4.54329478227,6.35437004079735,1.87180217690159,2.63905732961526,11.6340318610306,1.16315080980568,"Omnivore",29.01,4.5569248733601,0,"1"
"56","Cyprinella galactura",0.405388971,0.389543416,0.405870414627046,0.465020717,1.63821023499613,0.505136484,0.17918649,0.166260006,1.22876690142512,2.77258872223978,2.77258872223978,4.11903717481247,0.916290731874155,1.6094379124341,7.01256564333448,0.955511445027436,"Invertivore",25.13,2.30856716467159,0,"4"
"57","Cyprinella lutrensis",0.509870558,0.32721418,0.365213527259982,0.431196217,1.49948284418831,0.458913598,0.206441166,0.192250141,1.4401934806566,2.30258509299405,2.30258509299405,3.83945231259331,0.916290731874155,1.38629436111989,6.73755990198602,0.765467842139571,"Omnivore",28.81,2.45958884180371,0,"4"
"58","Cyprinella spiloptera",0.403492845,0.553650553,0.352413412498591,0.553650553,1.54691811582035,0.471444611,0.19916508,0.171389262,1.31282086894886,2.56494935746154,2.56494935746154,3.77276093809464,0.916290731874155,1.79175946922805,8.91931939825889,0.78845736036427,"Omnivore",24.64,2.86505394991188,0,"4"
"59","Cyprinella venusta",0.490818503,0.477607597,0.363949956743534,0.52538652,1.70589018652766,0.586050109,0.215064726,0.157524414,1.30792959295982,2.99573227355399,2.99573227355399,3.63758615972639,0.916290731874155,1.6094379124341,6.13122648948314,0.767790723555711,"Invertivore",29.4,2.61958321977988,0,"4"
"60","Cyprinodon pecosensis",0.409638095,0.490224405,0.245415582806851,0.534131017,1.34799611104669,0.594863776,0.260975237,0.189877218,0.970244918545735,1.79175946922805,1.79175946922805,3.04452243772342,0.405465108108164,1.38629436111989,4.87519732320115,NA,"Omnivore",30.29,2.98061863574394,2,"1"
"61","Cyprinus carpio",0.182045455,0.307949315,0.297265549141,0.510936185,1.499876423476,0.48104781,0.258020926,0.178656382,1.29119909866918,4.79579054559674,4.82028156560504,6.04263283368238,1.53255686809814,3.63098547569503,13.696446577248,0.832909122935104,"Omnivore",24.83,2.26592110862245,0,"1"
"62","Dicentrarchus labrax",0.4338853,0.468574271,0.536137037444837,0.572333247,1.65952163407339,0.588541396,0.364789342,0.128637131,1.2477821260976,4.64439089914137,4.62986279857846,6.04263283368238,1.87180217690159,3.43398720448515,13.9115350280571,0.756121979721334,"Piscivore",21.47,1.47932922708708,0,"1"
"63","Dorosoma cepedianum",0.378720949,0.444745653,0.284726348851284,0.478791768,1.32968308710106,0.274628915,0.287958974,0.180492429,1.46208322640589,4.06044301054642,4.06044301054642,5.36363683266868,1.09861228866811,2.39789527279837,12.5537656221004,0.559615787935423,"Omnivore",28.06,3.19867311755068,0,"1"
"64","Dorosoma petenense",0.416666667,0.521677715,0.198922956965698,0.540722766,1.38261849087935,0.422007702,0.248845828,0.182166943,1.30576195022797,3.13549421592915,3.13549421592915,4.5485998344997,1.09861228866811,1.6094379124341,9.46506010672514,0.598836501088704,"Invertivore",28.86,3.12015985192904,0,"1"
"65","Erimystax insignis",0.482116533,0.211963876,0.235066908727158,0.543456047,1.87927972148259,0.71192245,0.315612141,0.173948317,1.44029884515907,NA,2.32238772029023,3.97217692824789,0.693147180559945,1.25276296849537,6.31173480915291,0.98394938034797,"Invertivore",24.54,2.30956070673047,1,"1"
"66","Esox americanus",0.372370968,0.640558211,0.844621470907075,0.744244822,2.00824021245145,0.681281248,0.155782649,0.088356048,1.17478782538875,3.68887945411394,3.6988297849671,5.03695260241363,1.09861228866811,2.19722457733622,7.77737360265786,1.08180517035173,"Piscivore",27.49,2.04769284336526,0,"1"
"67","Esox lucius",0.279515059,0.485175825,0.870242317132363,0.620001726,2.05096252644342,0.673753952,0.130070594,0.102102069,1.39145550348183,5.01727983681492,4.97327950755249,6.17170059741091,1.54115907168081,3.34392131384243,12.3044406454337,1.3244189574018,"Piscivore",19.78,1.97823903617067,0,"1"
"68","Esox masquinongy",0.294387285,0.446873451,0.839036566965451,0.566998037,2.02799550260109,0.546651367,0.072206675,0.091179772,1.31475366024182,5.21493575760899,5.21493575760899,6.56877991214281,1.6094379124341,3.68887945411394,12.3473964111025,1.38629436111989,"Piscivore",24.2,2.61812549357422,0,"1"
"69","Etheostoma asprigene",0.514634511,0.484007041,0.356473326015205,0.59948383,1.69089227881769,0.580929901,0.416156702,0.214599498,1.02580500440687,2.07944154167984,2.09186406167839,3.78418963391826,0.693147180559945,1.38629436111989,5.34710753071747,0.72270598280149,"Invertivore",29.11,3.63521492952824,0,"2"
"70","Etheostoma blennioides",0.397856401,0.166635401,0.291270366816251,0.594983726,1.92285366177096,0.690483337,0.508732519,0.284115291,1.14471566602133,2.89037175789616,2.89037175789616,4.15888308335967,0.916290731874155,1.79175946922805,7.09090982207998,1.04027671165515,"Invertivore",24.16,2.19833507162025,0,"4"
"71","Etheostoma caeruleum",0.44752457,0.422691676,0.386369008002858,0.603726159,1.5911370745994,0.480023999,0.393179235,0.268192561,1.34899327498314,2.19722457733622,2.16332302566054,3.76120011569356,0.693147180559945,1.79175946922805,6.60665018619822,0.896088024556636,"Invertivore",24.62,2.35517754311322,0,"2"
"72","Etheostoma camurum",0.372253099,0.432487009,0.352591320486643,0.608106245,1.66651185876232,0.592744214,0.415574302,0.218392207,0.944436477969518,2.19722457733622,2.24070968927596,4.12713438504509,0.693147180559945,1.38629436111989,4.61512051684126,1.06471073699243,"Invertivore",23.62,3.29990266351057,0,"2"
"73","Etheostoma chlorobranchium",0.343838081,0.441680504,0.353831081291948,0.689274372,1.62629831091107,0.569112834,NA,NA,0.981176572939177,2.484906649788,2.39789527279837,4.0517849478033,0.693147180559945,1.79175946922805,5.99396142730657,0.883767540168595,"Invertivore",21.15,1.64287268852034,2,"4"
"74","Etheostoma cinereum",0.472336874,0.263171801,0.351094912982982,0.617802482,1.81528473227571,0.644889811,0.459476651,0.192192718,0.977093104668419,NA,2.56494935746154,4.11903717481247,0.916290731874155,1.66770682055808,5.01727983681492,1.11514159061932,"Invertivore",25.38,2.58248697812686,1,"3"
"75","Etheostoma exile",0.507950352,0.375217039,0.351455037501055,0.573609863,1.8579075780341,0.650242996,0.474544328,0.247037081,1.39334372635706,2.07944154167984,2.10413415427021,3.80666248977032,0.693147180559945,1.6094379124341,7.08924315502751,0.717839793150317,"Invertivore",21.6,1.52822785700856,0,"1"
"76","Etheostoma flabellare",0.3877,0.374191108,0.318453731118535,0.506646762,1.62662631385284,0.540387187,0.43230975,0.249783058,1.20275935128951,2.19722457733622,2.24070968927596,3.94158180766969,0.916290731874155,1.79175946922805,7.14361760270412,1.23837423104327,"Invertivore",24.45,2.01356879752913,0,"4"
"77","Etheostoma jessiae",0.429079965,0.302096265,0.426617082795482,0.613665657,1.91617996634183,0.704166436,0.429129469,0.248874595,1.3482130185174,2.07944154167984,2.05412373369555,3.58351893845611,0.693147180559945,1.38629436111989,6.08904487544685,0.936093359170335,"Invertivore",25.5,3.51779452924597,1,"2"
"78","Etheostoma kennicotti",0.426221506,0.427330317,0.418747342068147,0.564497738,1.73911931279029,0.58399095,0.423174208,0.225814835,1.18699632560109,2.19722457733622,2.23001440015921,3.43398720448515,0.693147180559945,1.38629436111989,4.87519732320115,1.14740245283754,"Invertivore",25.5,2.15292431843964,0,"4"
"79","Etheostoma nigrum",0.435857143,0.381173652,0.355852383228411,0.603186296,1.78554326309017,0.5100017,0.440641469,0.220234173,1.29199741534555,2.07944154167984,2.10413415427021,3.85014760171006,0.693147180559945,1.6094379124341,6.58479139238572,0.799756915618204,"Invertivore",24.2,2.28645571106416,0,"4"
"80","Etheostoma rufilineatum",0.399897848,0.410569315,0.441986983956151,0.62301357,1.71823785631164,0.568183321,0.488740807,0.208174842,0.838078853343006,2.19722457733622,2.24070968927596,4.00733318523247,0.693147180559945,1.6094379124341,5.18178355029209,1.06471073699243,"Invertivore",25.15,2.79177841663292,0,"2"
"81","Etheostoma swannanoa",0.392765092,0.301493234,0.296573020822777,0.570765282,1.64977075329021,0.515982268,0.429234718,0.236674803,1.10051213980749,2.36085400111802,2.30258509299405,4.06044301054642,0.916290731874155,1.6094379124341,4.79579054559674,1.11514159061932,"Invertivore",28.24,2.12704052047911,0,"2"
"82","Etheostoma tennesseense",0.386298608,0.432656699,0.267693172888,0.669084316,1.62673146423919,0.563901225,NA,NA,1.31794857594171,NA,NA,NA,NA,NA,NA,NA,NA,24.93,2.27006190128849,12,NA
"83","Etheostoma vulneratum",0.353451399,0.501845334,0.277044528619355,0.65168402,1.6788338246359,0.573434521,0.483196461,0.205470504,1.02348520164961,2.2082744135228,2.19722457733622,3.80666248977032,1.09861228866811,1.6094379124341,4.52720864451838,1.38629436111989,"Invertivore",22.63,1.83098018238134,0,"4"
"84","Etheostoma zonale",0.34132,0.411331402,0.310425225103701,0.629249415,1.65911204502639,0.5576203,0.410796087,0.227598296,1.30736888846099,2.19722457733622,2.17475172148416,3.78418963391826,0.916290731874155,1.6094379124341,5.05305600998021,0.792992515529661,"Invertivore",24.56,2.3494686788929,0,"2"
"85","Fundulus catenatus",0.510178052,0.358459621,0.245688373785498,0.522369984,1.76248012024748,0.572009724,0.375528571,0.150958363,1.04288951791693,3.04452243772342,3.04452243772342,4.44265125649032,0.693147180559945,1.79175946922805,4.92362391710663,1.09861228866811,"Invertivore",26.38,2.42833629829961,0,"1"
"86","Fundulus diaphanus",0.538680769,0.479214184,0.158714972719402,0.58715416,1.73865159685765,0.594206939,0.424298036,0.167607131,1.12802935562296,2.63905732961526,2.39789527279837,3.71357206670431,0.916290731874155,1.38629436111989,4.96284463025991,0.896088024556636,"Invertivore",22.29,2.2523438765573,0,"2"
"87","Fundulus notatus",0.563897857,0.681734649,0.251870978156066,0.608912781,1.60163364581289,0.516458401,0.397410717,0.162060352,1.10550651114135,2.19722457733622,2.19722457733622,3.89182029811063,0.693147180559945,1.38629436111989,4.56434819146784,0.810930216216329,"Omnivore",28.86,2.58173083442354,0,"2"
"88","Fundulus zebrinus",0.445132448,0.558563407,0.169939818463814,0.659712906,1.6626946724009,0.578589273,0.412253291,0.135350486,0.999952754165707,2.19722457733622,2.19722457733622,3.89182029811063,1.09861228866811,1.38629436111989,4.18965474202643,0.810930216216329,"Invertivore",27.95,1.9213246735827,0,"1"
"89","Gambusia affinis",0.580510957,0.635737221,0.279256140781555,0.544961563,1.64549284980301,0.545043593,0.464943633,0.203100698,1.05602647147124,2.07944154167984,1.79175946922805,3.13549421592915,0.0953101798043249,1.09861228866811,5.30494535283826,1.05779029414785,"Invertivore",28.62,2.34755845863678,0,"5"
"90","Gambusia holbrooki",0.536846012,0.57047554,0.246931601936123,0.510377053,1.43958110242121,0.464835915,0.480104957,0.198412574,1.15740925420057,2.19722457733622,1.68175857401373,3.03254624667671,0.285178942233662,0.966983846189673,6.85716699917129,1.02961941718116,"Omnivore",27.3,1.66392609771817,0,"5"
"91","Gasterosteus aculeatus",0.636972122,0.503115726,0.362971377432031,0.55274761,1.6402133885966,0.570325752,0.488282703,0.167548242,1.60172067400305,2.484906649788,2.4423470353692,3.71552138506036,0.65232518603969,1.67335123817775,6.35567353870079,0.928219302739429,"Invertivore",19.75,1.95727390770563,0,"4"
"92","Glossamia aprion",0.468682484,0.325845897,0.591131908884556,0.448447578,1.27143690808276,0.510890354,0.428289487,0.214575982,1.25751606461579,2.94443897916644,3.25809653802148,4.26267987704132,0.693147180559945,1.79175946922805,6.21660610108486,0.916290731874155,"Invertivore-piscivore",31.47,1.67147330335355,1,"5"
"93","Gobio gobio",0.441565619,0.173043232,0.261130673907428,0.577226902,1.75143369028776,0.645405621,0.149628107,0.188987027,1.09203414806477,3.04452243772342,3.04452243772342,4.23265617801961,1.09861228866811,2.2512917986065,8.74408969159975,0.924258901523332,"Invertivore",20.87,2.18041745901984,0,"1"
"94","Gobio lozanoi",0.453194952,0.243813835,0.187789246696895,0.565760778,1.62277863436115,0.558186245,0.216085034,0.192817962,1.27113649051304,2.56494935746154,2.64971462408925,NA,0.693147180559945,NA,7.60140233458373,NA,"Invertivore",23.86,1.65632149833295,4,"1"
"95","Gobio occitaniae",0.441565619,0.173043232,0.261130673907428,0.577226902,0.49798693193745,NA,0.188987027,NA,NA,NA,2.80336038090653,4.23265617801961,1.09861228866811,2.2512917986065,8.74408969159975,0.924258901523332,"Invertivore",23.5,2.07819075977818,4,"1"
"96","Gobiomorphus australis",0.55719713,0.384272514,0.350083764460887,0.420458756,1.69490019172455,0.505361133,0.560039072,0.139461769,1.05573477363731,2.94443897916644,3.15700042115011,4.33073334028633,1.38629436111989,2.19722457733622,12.1007176854125,0.405465108108164,"Invertivore",24.61,0.774727167552368,1,"3"
"97","Gobiomorphus coxii",0.55719713,0.384272514,0.350083764460887,0.420458756,0.409032824897855,NA,0.139461769,NA,NA,NA,2.99573227355399,4.11087386417331,1.09861228866811,2.07944154167984,11.9183972397228,0.405465108108164,"Invertivore",23.81,0.631271776841858,5,"3"
"98","Gymnocephalus cernua",0.38019604,0.407016505,0.343435312330392,0.64738846,1.61984605253603,0.622727598,0.365360471,0.178858492,1.60898473316388,3.25809653802148,3.30505352110925,4.61512051684126,1.09861228866811,2.45702144629846,11.5735594985071,0.631271776841858,"Invertivore",20.24,2.25758772706331,0,"1"
"99","Hiodon alosoides",0.552563812,0.496686224,0.458596650715026,0.490035714,1.52577287833393,0.517107143,0.265329082,0.200002268,1.21125875619843,3.97029191355212,3.97029191355212,5.8406416573734,2.01490302054226,2.70805020110221,9.59994706414989,1.38629436111989,"Invertivore-piscivore",27.48,5.51701103178862,0,"1"
"100","Hiodon tergisus",0.518317472,0.555241849,0.423396013583596,0.534883163,1.44080165606985,0.476746011,0.232627095,0.173640555,1.22065773223237,3.87120101090789,3.87120101090789,5.6076386141033,1.6094379124341,2.39789527279837,9.31479047333265,1.09861228866811,"Invertivore",25.3,5.11553570392163,1,"1"
"101","Hybognathus nuchalis",0.487453947,0.36422441,0.31034920783035,0.51302591,1.63996995509826,0.491360778,0.250028286,0.188111563,1.16074241883399,2.94443897916644,2.94443897916644,4.30406509320417,0.916290731874155,1.38629436111989,8.41205487329293,0.641853886172395,"Herbivore-detritivore",28.75,3.74714836223791,0,"1"
"102","Hybognathus placitus",0.389530192,0.313039343,0.328258431206041,0.510220493,1.64076396420871,0.492883701,0.265317769,0.159188858,1.10430817194902,2.63905732961526,2.63905732961526,3.78418963391826,0.693147180559945,1.09861228866811,7.73039445477484,0.693147180559945,"Herbivore-detritivore",29.12,2.59897910604785,0,"1"
"103","Hybopsis amblops",0.66489398,0.383831823,0.412988512858805,0.5866397,1.70254467285555,0.606271221,0.283507042,0.183366502,1.2567292151015,2.39789527279837,2.39789527279837,3.9982007016692,0.693147180559945,1.09861228866811,6.90875477931522,0.672944473242426,"Invertivore",25.13,2.43449016387398,0,"1"
"104","Hypentelium nigricans",0.392110668,0.085863689,NA,0.626671919,1.7785069607093,0.736614661,0.197764496,0.199559643,1.26844145136612,4.12713438504509,4.12713438504509,5.26009615372784,1.50407739677627,2.39789527279837,10.3089859934221,1.38629436111989,"Invertivore",24.56,2.09801792725277,1,"1"
"105","Hypophthalmichthys molitrix",0.314380608,0.551897427,0.304493321947129,0.486083791,1.46622295166693,0.395489567,0.313926665,0.208885865,1.28740373744453,4.66343909411207,4.69820505195528,6.35320414401245,1.34286480319255,2.56494935746154,13.1470579412123,0.774727167552368,"Herbivore-detritivore",26.69,4.33545899885755,0,"1"
"106","Hypophthalmichthys nobilis",0.203676296,0.678390889,0.521145804434105,0.507559619,1.48482956335351,0.509615052,0.329180245,0.205733211,1.34770240010055,4.72738781871234,4.85722767146694,6.4123599928715,1.70474809223843,3.06011453248326,14.0253332431879,1.23256026117785,"Herbivore-detritivore",27.89,5.45258232555947,0,"1"
"107","Hypseleotris compressa",0.442360435,0.493088736,0.275003614138182,0.52792715,1.3680171305144,0.498201661,NA,NA,1.25635334964193,2.56494935746154,2.56494935746154,3.93182563272433,0.693147180559945,1.79175946922805,10.3735224312936,0.27763173659828,"Omnivore",27.95,1.4655675420144,3,"3"
"108","Hypseleotris galii",0.575223554,0.516525643,0.408093563357773,0.49411735,1.70699133301866,0.53023291,NA,NA,1.14832260841214,1.94591014905531,1.87180217690159,3.04452243772342,0.336472236621213,1.38629436111989,6.39859493453521,0.494696241836107,"Invertivore",26.08,1.0952733874026,2,"3"
"109","Hypseleotris klunzingeri",0.430350119,0.486774327,0.357066597332528,0.523078995,1.55254787747144,0.690428361,NA,NA,1.18294766012439,1.94591014905531,1.94591014905531,3.43398720448515,0.693147180559945,1.38629436111989,7.2086003379602,0.371563556432483,"Invertivore",27.26,1.67335123817775,2,"3"
"110","Ictalurus furcatus",0.375399827,0.426891171,0.17667599137016,0.560972041,1.70621398583667,0.459405325,0.382099991,0.141592322,1.63196194139457,5.11198778835654,5.11198778835654,6.3818160174061,1.94591014905531,3.09104245335832,9.88903359556598,1.5993875765806,"Piscivore",29.29,3.24337329646859,0,"4"
"111","Ictalurus punctatus",0.324100187,0.488390593,0.221263751998046,0.610576951,1.65686913232355,0.461683521,0.324333682,0.140295608,1.43415976783292,4.89034912822175,4.89034912822175,5.63657372496275,1.25276296849537,3.25809653802148,10.4857311049596,1.52605630349505,"Invertivore-piscivore",27.89,2.7239235502585,0,"4"
"112","Ictiobus bubalus",0.342734255,0.172781798,0.145363740357535,0.375575795,1.32690963367602,0.423947788,0.110580351,0.175652372,1.31375724540951,4.72738781871234,4.72738781871234,5.84499264320772,1.70474809223843,2.77258872223978,12.6195092301604,1.09861228866811,"Herbivore-detritivore",29.03,4.17300169504538,0,"2"
"113","Ictiobus cyprinellus",0.236382302,0.517014502,0.254426710657337,0.574395286,1.45199278961726,0.57477517,0.156740724,0.233957069,1.23784708922988,4.82028156560504,4.82028156560504,5.83188247728352,1.87180217690159,3.04452243772342,12.959846800845,0.916290731874155,"Herbivore-detritivore",28.29,4.22551901277291,0,"1"
"114","Ictiobus niger",0.183521923,0.173701465,NA,0.457732368,1.41977749967301,0.583906342,0.161981981,0.170484405,1.3609857341191,4.82028156560504,4.82028156560504,5.87493073085203,1.09861228866811,3.2188758248682,12.2124373477726,1.1314021114911,"Herbivore-detritivore",27.79,4.42867164249693,1,"2"
"115","Kuhlia rupestris",0.373605846,0.52490001,0.493414333347277,0.570299941,1.29621137602291,0.499289512,0.389402477,0.186832259,1.32809189379868,3.8286413964891,3.8286413964891,5.30330490805908,1.6094379124341,2.07944154167984,NA,NA,"Invertivore",26.97,1.74919985480926,2,"1"
"116","Labidesthes sicculus",0.628565998,0.559578758,0.39644690137896,0.471497705,2.07603091773362,0.644562285,0.528515611,0.157045455,1.51430968017632,2.63905732961526,2.63905732961526,4.26267987704132,0.693147180559945,1.09861228866811,6.66695679242921,0.693147180559945,"Invertivore",28.04,2.73890266458497,0,"1"
"117","Leiopotherapon unicolor",0.328617219,0.45387644,0.428891620670261,0.580084929,1.35205226706968,0.504844262,0.315546989,0.210113596,1.18154488121439,3.46573590279973,3.52636052461616,4.11087386417331,0.405465108108164,1.79175946922805,11.5129354649202,0.470003629245736,"Omnivore",31.79,1.16002091679675,1,"1"
"118","Lepisosteus oculatus",0.517447799,0.163994652,1.5523033791796,0.335192513,2.25345832136868,0.413609626,0.221032086,0.083093326,1.21653068819943,5.01727983681492,4.72738781871234,6.30078579466324,1.50407739677627,2.94443897916644,8.9600825281704,1.53686721959926,"Piscivore",29.85,3.35445511911002,1,"2"
"119","Lepisosteus osseus",0.417702324,0.497840077,1.36453861632086,0.657994382,2.45517829887389,0.808904572,0.302211477,0.054895659,1.37768227483289,5.30330490805908,5.30330490805908,6.63594655568665,1.79175946922805,3.49650756146648,10.574746933338,1.34807314829969,"Piscivore",28.41,3.39383702725586,0,"2"
"120","Lepisosteus platostomus",0.533264176,0.63119066,1.56181827683872,0.574628334,2.24865934727119,0.425579107,0.305284434,0.102870247,1.2529385482232,4.48863636973214,4.48863636973214,6.06958232637193,1.25276296849537,3.04452243772342,10.5039984751741,1.2947271675944,"Invertivore-piscivore",28.86,4.24405683545043,0,"2"
"121","Lepomis auritus",0.304964539,0.416639368,0.327679897757874,0.541623076,1.13120631200105,0.496665997,0.323861455,0.218364673,1.21560952084698,3.43398720448515,3.44998754583159,4.33073334028633,1.09861228866811,2.19722457733622,8.4690528160883,0.78845736036427,"Invertivore",27.43,2.14124194258528,0,"4"
"122","Lepomis cyanellus",0.30877193,0.48164257,0.448824791969365,0.572431215,1.22906941022685,0.550433201,0.302440833,0.211780812,1.25480754093194,3.46573590279973,3.46573590279973,4.27666611901606,1.09861228866811,2.39789527279837,8.69968140098951,0.641853886172395,"Invertivore-piscivore",27.21,2.11625551480255,0,"4"
"123","Lepomis gibbosus",0.330129489,0.464434835,0.263589226971403,0.523731719,1.14706217367931,0.494616905,0.318648272,0.250377931,1.22832276914609,3.71357206670431,3.61765194482557,4.53977796722104,1.20297230399235,2.45702144629846,7.9728107841214,0.693147180559945,"Invertivore",22.84,2.31055326264322,0,"4"
"124","Lepomis gulosus",0.432426311,0.639960352,0.44389903297855,0.656447212,1.21799954827629,0.473128485,0.320984772,0.234362967,1.34251803184717,3.46573590279973,3.46573590279973,4.48300255201388,0.916290731874155,2.19722457733622,10.4297238200016,0.698134722070984,"Invertivore-piscivore",28.22,2.33891702224144,0,"4"
"125","Lepomis humilis",0.3984375,0.429411808,0.335847041227295,0.519635589,1.16746072750295,0.466819355,0.349184525,0.247897519,1.30951692696697,2.77258872223978,2.77258872223978,3.97029191355212,1.09861228866811,2.07944154167984,7.79913837515011,0.405465108108164,"Invertivore",28.72,2.88424189752063,0,"4"
"126","Lepomis macrochirus",0.285712472,0.489906007,0.244663832793549,0.53012832,1.06455233203323,0.514919493,0.3382264,0.300838867,1.38027283758113,3.73766961828337,3.73766961828337,4.72738781871234,0.916290731874155,2.484906649788,10.6201315090075,0.78845736036427,"Invertivore-piscivore",27.09,2.26072088889535,0,"4"
"127","Lepomis megalotis",0.272805195,0.436860496,0.314948184408695,0.551248096,1.11043354909862,0.551921871,0.360738285,0.255103837,1.29298979210798,3.2188758248682,3.2188758248682,4.35670882668959,1.09861228866811,2.30258509299405,9.31910508676757,1.02245092770255,"Invertivore",28.56,2.46809953147162,0,"4"
"128","Lepomis microlophus",0.319605616,0.362397668,0.280052076423459,0.467191628,1.19409167203549,0.495481806,0.308141247,0.300112226,1.13979150225804,3.78418963391826,3.78872478908365,5.04985600724954,1.09861228866811,2.19722457733622,10.703266939812,0.667829372575655,"Invertivore-piscivore",28.29,2.2935443483419,0,"4"
"129","Leucaspius delineatus",0.472083149,0.47113322,0.386786866773107,0.433064294,1.67509112894288,0.680182624,0.12047509,0.15772719,1.40843391083163,2.56494935746154,2.30258509299405,3.62966009445396,0.693147180559945,1.25276296849537,6.46563137321092,0.727548607277278,"Omnivore",21.1,2.04640168760164,0,"3"
"130","Leuciscus aspius",0.22420979,0.571209678,0.522715497637486,0.565568455,1.52940687362582,0.410322921,0.326789209,0.196017149,1.10357544215374,4.61512051684126,4.54683107539998,5.30330490805908,1.6094379124341,2.484906649788,11.7596331875463,0.896088024556636,"Piscivore",21.05,3.50885525636867,0,"1"
"131","Leuciscus burdigalensis",0.408502122,0.319111824,0.314194925447749,0.497896326,1.62695442404821,0.485192651,0.250707591,0.166581396,1.38472822386693,3.71357206670431,3.71357206670431,NA,NA,NA,NA,NA,"Omnivore",22.37,2.22354188565359,6,"1"
"132","Leuciscus idus",0.508125952,0.507530524,0.355603077394978,0.525205221,1.55059067684303,0.482934643,0.219592394,0.180488862,1.25714171463571,4.34380542185368,4.29045944114839,4.73908900355388,1.84530023615608,2.97909463240097,11.4430500613092,1.07840958135059,"Omnivore",19.87,2.03861954715958,0,"1"
"133","Leuciscus leuciscus",0.443884164,0.324335707,0.307124827648823,0.476097198,1.71542271284564,0.551620454,0.226099646,0.163173148,1.33736415323229,3.71357206670431,3.71357206670431,5.09681299033731,1.25276296849537,2.80336038090653,9.61587214452889,0.896088024556636,"Omnivore",20.48,2.37024374146786,0,"1"
"134","Lota lota",0.481078462,0.524813967,0.577857015368424,0.773211219,2.1250511414267,0.649656554,0.658757871,0.123253268,1.0146612034778,5.03043792139244,4.9416424226093,5.85220247977447,1.57484646766448,2.87186828633161,13.4729237654899,0.879626747502564,"Invertivore-piscivore",17.67,2.02287119019144,0,"1"
"135","Lucania parva",0.559133759,0.492203082,0.155547090962674,0.50482058,1.53615690889371,0.586783449,0.375394814,0.177438578,0.963693338783486,1.79175946922805,1.79175946922805,3.27336401015227,0.285178942233662,1.38629436111989,4.0342406381524,0.703097511413113,"Invertivore",29.07,1.86872051036418,0,"2"
"136","Luciobarbus graellsii",0.328947368,0,0.327133654625836,0.317674074,1.52789253311482,0.429847235,0.270724575,0.16815047,1.09913670147301,4.39444915467244,4.29728540621879,5.17048399503815,1.6094379124341,2.83321334405622,9.74102744483773,NA,"Omnivore",23.86,1.56444054650336,1,"1"
"137","Luxilus chrysocephalus",0.257130613,0.385708873,0.222547211138747,0.483371139,1.39280142965432,0.516678066,0.14524851,0.15942439,1.40820828453164,3.2188758248682,2.94443897916644,4.21950770517611,1.09861228866811,1.94591014905531,6.93342302573071,0.806475865866949,"Omnivore",25.45,2.30258509299405,0,"4"
"138","Luxilus coccogenis",0.449228814,0.496837558,0.474173946995009,0.534878878,1.64283744766728,0.571467315,0.158291603,0.134695456,1.39536825529184,2.70805020110221,2.70805020110221,4.26969744969996,1.09861228866811,1.6094379124341,6.87626461189077,0.879626747502564,"Invertivore",22.46,1.52169899812609,0,"4"
"139","Luxilus cornutus",0.442392068,0.485282688,0.345575894437859,0.53351614,1.52227108336242,0.535479422,0.203752951,0.196708096,1.37719489678212,2.94443897916644,2.94443897916644,4.0342406381524,1.09861228866811,2.30258509299405,7.68294316987829,0.810930216216329,"Omnivore",22.75,2.02814824729229,0,"4"
"140","Lythrurus lirus",0.643322359,0.522774616,0.487120853213972,0.564254462,1.86833348285524,0.593893987,0.30286909,0.143173824,1.25762414210761,2.19722457733622,2.14006616349627,3.8286413964891,1.09861228866811,1.38629436111989,6.90875477931522,NA,"Invertivore",26.15,2.59376105470008,1,"2"
"141","Maccullochella mariensis",0.280825545,0.337615826,0.607655856976279,0.496657103,0.410498681727206,NA,0.161468459,NA,NA,NA,4.39444915467244,5.70711026474888,1.6094379124341,3.89182029811063,11.5129354649202,1.44691898293633,"Piscivore",26.69,0.22314355131421,5,"3"
"142","Macquaria ambigua",0.28644898,0.554399917,0.529487143776237,0.533494692,1.33886258042973,0.33885412,0.343114,0.189194634,1.27065516984854,4.34380542185368,4.26267987704132,5.98645200528444,1.6094379124341,2.77258872223978,12.899222326087,0.741937344729377,"Invertivore-piscivore",29.22,2.40964416528745,1,"1"
"143","Macquaria novemaculeata",0.338011628,0.367447876,0.517616467305351,0.463121085,1.37118582964198,0.514951559,0.334814318,0.19620734,1.20757910490007,4.11087386417331,4.11087386417331,5.30330490805908,1.79175946922805,3.13549421592915,13.8155115579638,0.587786664902119,"Invertivore-piscivore",24.23,1.22082992139236,1,"1"
"144","Macrhybopsis aestivalis",0.407863696,0.277961121,0.294163136162789,0.667410396,1.64854602674837,0.564677053,0.298370739,0.154823819,1.37073741516483,2.19722457733622,2.15176220325946,3.99360299242057,0.693147180559945,0.916290731874155,6.51988447927492,0.587786664902119,"Invertivore",29.27,3.66637818876742,0,"1"
"145","Macrhybopsis storeriana",0.480922032,0.298414406,0.220246560686119,0.572636548,1.78173720133081,0.652439146,0.254063583,0.161946524,1.34910379025252,3.17805383034795,3.17805383034795,4.66343909411207,0.916290731874155,1.6094379124341,8.78351576527642,0.8754687373539,"Invertivore",28.07,4.96305439846681,0,"1"
"146","Megalops cyprinoides",0.4941563,0.653517297,0.591848793275849,0.595824835,1.60286406235265,0.615924815,0.130141972,0.164545044,1.38061919679546,5.01727983681492,5.01727983681492,5.52545293913178,NA,3.80666248977032,NA,NA,"Piscivore",30.65,2.23430625224075,3,"1"
"147","Melanotaenia duboulayi",0.43876184,0.453016646,0.326046351903085,0.463815295,1.44794107947647,0.581950732,NA,NA,1.39126593384671,2.484906649788,2.484906649788,3.3322045101752,0.587786664902119,1.6094379124341,6.21660610108486,0.657520002916794,"Omnivore",26.33,0.708035793053696,2,"1"
"148","Menidia audens",0.683736523,0.603413527,0.221899235874753,0.603131844,0.481767838778339,NA,0.163359017,NA,NA,NA,2.77258872223978,4.51085950651685,0.693147180559945,1.09861228866811,9.90353755128617,0.657520002916794,"Invertivore",29.95,3.89018631081897,5,"1"
"149","Menidia beryllina",0.683736523,0.603413527,0.221899235874753,0.603131844,1.96518096255464,0.618933888,0.740748088,0.163359017,1.35961932174439,2.77258872223978,2.77258872223978,4.51085950651685,0.693147180559945,1.09861228866811,9.90353755128617,0.657520002916794,"Invertivore",30.11,2.77321352700862,1,"1"
"150","Micropterus dolomieu",0.332552432,0.601273409,0.504809351640015,0.652592702,1.46819177814082,0.610300565,0.389737954,0.171659093,1.34242548320697,4.24849524204936,4.24849524204936,5.5834963087817,1.38629436111989,2.77258872223978,9.60636102125635,1.14740245283754,"Piscivore",23.92,2.37954613413017,0,"4"
"151","Micropterus punctulatus",0.304379901,0.551825412,0.565616024173924,0.619045718,1.46956100601083,0.515434809,0.386563502,0.164817295,1.29353430573256,4.17438726989564,4.16666522380173,5.52345892052492,1.17865499634165,2.484906649788,10.0879318547111,0.810930216216329,"Piscivore",27.86,2.53131302260216,0,"4"
"152","Micropterus salmoides",0.271130617,0.546138912,0.611755535979977,0.598507859,1.36046078733077,0.471328002,0.326692452,0.172997466,1.21414222028712,4.58496747867057,4.45725005591147,5.41164605185504,1.38629436111989,2.8136106967627,10.5519249827038,0.955511445027436,"Piscivore",26.18,2.14006616349627,0,"3"
"153","Minytrema melanops",0.272235108,0.130742049,0.157572302536974,0.501766784,1.65042588613905,0.597215548,0.155477032,0.204057579,1.56444067307239,3.93182563272433,3.93182563272433,5.76362247501222,1.38629436111989,2.19722457733622,10.5966597327836,1.23837423104327,"Invertivore",27.85,2.66444656362008,0,"1"
"154","Misgurnus anguillicaudatus",0.235894757,0.158328947,NA,0.497109649,2.04825917986968,0.520600877,0.169592105,0.110659668,0.851617041708329,3.36729582998647,3.25037449192757,4.63472898822964,1.09861228866811,2.39789527279837,7.60140233458373,0.72270598280149,"Omnivore",24.95,3.13505933877509,1,"2"
"155","Mogurnda adspersa",0.240054697,0.511360011,0.26969071879867,0.506177865,1.57082267789364,0.611504142,0.466007988,0.151081879,0.976686663448852,2.70805020110221,2.70805020110221,4.02535169073515,0.405465108108164,1.38629436111989,6.21660610108486,0.708035793053696,"Invertivore",27.68,1.16002091679675,1,"3"
"156","Morone americana",0.408997653,0.347356224,0.454180748230907,0.472522853,1.31428173081876,0.449977501,0.360438316,0.211337246,1.2993184471378,3.93182563272433,3.92197333628131,5.45318207710895,1.25276296849537,2.7408400239252,12.0021555751796,0.636576829071551,"Invertivore-piscivore",24.53,3.59043938130068,0,"1"
"157","Morone chrysops",0.478349465,0.487330335,0.516893852169316,0.504293644,1.37424749084052,0.447893882,0.332440849,0.167800492,1.14015090283516,3.8286413964891,3.8286413964891,5.61312810638807,1.25276296849537,2.30258509299405,13.1765693258936,0.615185639090233,"Invertivore-piscivore",28.05,3.5266545990191,0,"1"
"158","Morone mississippiensis",0.470234413,0.328622174,0.404113222055192,0.501751373,1.36940315706501,0.466417682,0.381603867,0.206227864,1.35896016929169,3.85014760171006,3.85014760171006,5.45958551414416,1.38629436111989,2.30258509299405,10.1980583431913,0.587786664902119,"Invertivore-piscivore",27.64,3.44553319548221,0,"1"
"159","Morone saxatilis",0.295859905,0.613368246,0.535154805445299,0.645352095,1.49368423763135,0.491275844,0.386636114,0.154030837,1.35252857591718,5.30330490805908,5.30330490805908,6.11146733950268,1.79175946922805,3.46573590279973,14.6288826791912,0.779324876800997,"Piscivore",28.3,3.30725293548561,0,"1"
"160","Moxostoma anisurum",0.329753812,0.14374685,0.160180184063477,0.51491424,1.55974729854147,0.618485284,0.120532435,0.171483571,1.19929106747888,4.31748811353631,4.31748811353631,6.00512087355547,1.94591014905531,2.70805020110221,10.1513627400695,0.78845736036427,"Invertivore",23.94,3.30321697330195,0,"1"
"161","Moxostoma breviceps",0.419202938,0.103343724,0.247454401286408,0.4433117,1.61007987852976,0.542601393,0.213322091,0.139992298,1.2970080463295,NA,3.69137633431252,5.96870755998537,1.6094379124341,2.19722457733622,9.91595945403145,1.43508452528932,"Invertivore",24.3,4.23236586011947,1,"1"
"162","Moxostoma carinatum",0.413229411,0.168787245,0.192538672188975,0.515951514,1.493389860872,0.531990207,0.165725205,0.146698964,1.30753242103828,4.35670882668959,4.35670882668959,6.02102334934953,1.79175946922805,3.40119738166216,9.58757745862779,1.47017584510059,"Invertivore",25.5,3.36141651165031,0,"1"
"163","Moxostoma duquesnii",0.292671671,0.219525207,0.169398973722197,0.603144172,1.65047540789236,0.541877834,0.209730928,0.18569505,1.36140910341839,3.95124371858143,3.95124371858143,5.44241771052179,1.70474809223843,2.39789527279837,9.13836090218402,1.22377543162212,"Invertivore",25.5,2.41054223449914,0,"1"
"164","Moxostoma erythrurum",0.31061533,0.07719751,0.151032304745729,0.492648775,1.63928260429075,0.591858604,0.139738521,0.176040424,1.29030711655894,4.36944785246702,4.36944785246702,5.69541422498568,1.6094379124341,2.484906649788,9.66307067255146,1.20896034583698,"Invertivore",25.46,2.41323161308111,0,"1"
"165","Moxostoma macrolepidotum",0.331098905,0.162886286,0.132930579922712,0.427608303,1.61931416866262,0.512366733,0.176674803,0.163250001,1.07883605978349,4.33073334028633,4.33073334028633,5.90263333340137,1.6094379124341,2.70805020110221,10.1898687792549,1.04731899428056,"Invertivore",25.42,2.95021175825218,0,"1"
"166","Mugil cephalus",0.526480263,0.55214628,0.285426240224422,0.613491776,1.54087000849279,0.466249087,0.72698662,0.178626792,1.1895974694362,4.61512051684126,5.28826703069454,5.83188247728352,1.38629436111989,2.83321334405622,15.5733686479304,0.641853886172395,"Herbivore-detritivore",27.72,1.8229350866965,1,"1"
"167","Nannoperca oxleyana",0.56081147,0.410945845,0.360549220029566,0.503428215,1.37874032711271,0.501240513,0.300961856,0.177670782,1.16881729087216,2.19722457733622,2.31253542384721,3.17805383034795,0.405465108108164,1.79175946922805,7.1708884785125,0.641853886172395,"Invertivore",26.16,0.708035793053696,1,"1"
"168","Nematalosa erebi",0.342739726,0.481566147,0.248741867972263,0.547654316,1.20668103465734,0.37416134,0.322803852,0.183661412,1.09317994450204,3.89182029811063,3.87120101090789,5.01727983681492,0.693147180559945,1.79175946922805,12.6115410869661,0.350656871613169,"Herbivore-detritivore",31.58,1.88555334851442,1,"1"
"169","Neogobius melanostomus",0.297320611,0.543404063,0.402917335957937,0.730706368,1.61415128721065,0.629741085,0.71641461,0.248505977,1.06774830270807,3.25809653802148,3.24259235148552,3.71357206670431,1.38629436111989,1.6094379124341,8.00670084544037,1.25276296849537,"Invertivore",22.2,5.71686321419473,0,"4"
"170","Nocomis biguttatus",0.25683832,0.309770115,0.323426345697724,0.561716547,1.51918119684349,0.591075689,0.254879636,0.168820869,1.21986803503416,3.29583686600433,3.29583686600433,4.66343909411207,1.25276296849537,1.6094379124341,6.59098762563526,0.974559639998131,"Omnivore",24.7,1.87180217690159,0,"4"
"171","Nocomis micropogon",0.252472123,0.332189186,0.367834825762382,0.643583027,1.65408300202041,0.698953659,0.228603459,0.158098565,1.19231305041735,3.52636052461616,3.49650756146648,4.69592454925656,1.38629436111989,1.79175946922805,6.55250788703459,0.810930216216329,"Omnivore",22.96,2.03208784529637,0,"4"
"172","Notemigonus crysoleucas",0.429694444,0.47798691,0.265278816109438,0.486819417,1.466575921189,0.395879336,0.261053831,0.165396508,1.37751076251487,3.43398720448515,3.43398720448515,4.11087386417331,1.09861228866811,2.30258509299405,11.7406465234941,0.703097511413113,"Omnivore",26.83,2.2554934854602,0,"2"
"173","Notesthes robusta",0.27775096,0.621904714,0.471018848111626,0.73152265,1.19836854666908,0.482956154,0.461180219,0.25417445,NA,3.43398720448515,3.58351893845611,5.30330490805908,1.09861228866811,2.39789527279837,7.60140233458373,0.693147180559945,"Piscivore",27.04,1.08180517035173,2,"1"
"174","Notropis atherinoides",0.632200736,0.594858376,0.441366787305649,0.568281312,1.81285798558216,0.550661288,0.295185798,0.149678781,1.31536600466474,2.63905732961526,2.63905732961526,4.04305126783455,0.916290731874155,1.79175946922805,8.47668364807803,0.615185639090233,"Invertivore",26.13,3.74028524217384,0,"1"
"175","Notropis blennius",0.555585648,0.360294118,0.362937799254495,0.485308824,1.68859357529199,0.529422794,0.213235294,0.212495219,1.26736808521334,2.63905732961526,2.63905732961526,4.35670882668959,1.25276296849537,1.79175946922805,7.80425138352811,0.576613364303994,"Invertivore",27.21,5.66960502285461,0,"1"
"176","Notropis dorsalis",0.514020366,0.451298122,0.338252734165723,0.592741784,1.75022362119027,0.563399061,0.330985915,0.14427774,1.16493653008275,2.19722457733622,2.19722457733622,4.14313472639153,0.916290731874155,1.6094379124341,7.03746688550379,0.647103242058539,"Omnivore",26.03,2.23323501485925,0,"1"
"177","Notropis girardi",0.463016082,0.271872316,0.376418786565951,0.470541834,1.66864536074613,0.473618245,0.239775974,0.225314147,1.25122638684393,2.19722457733622,2.19722457733622,3.2188758248682,0.916290731874155,1.6094379124341,7.66387725870347,0.518793793415168,"Invertivore",30.12,3.05870707271538,0,"1"
"178","Notropis greenei",0.625825588,0.358737512,0.415113371561391,0.510548683,1.81398713250435,0.653999386,0.240535931,0.188988902,1.39974387678769,2.19722457733622,2.14006616349627,NA,0.916290731874155,1.38629436111989,6.90875477931522,0.746687947487975,"Invertivore",27.31,2.97603964020825,2,"1"
"179","Notropis hudsonius",0.586121929,0.394397688,0.426719289233298,0.577618018,1.6744392852518,0.527457146,0.278188792,0.178362481,1.39013745944837,2.77258872223978,2.77258872223978,4.21950770517611,0.916290731874155,1.79175946922805,8.41183267575841,0.667829372575655,"Omnivore",23.29,3.15188095604392,0,"1"
"180","Notropis jemezanus",0.511304831,0.567315072,0.381823026250435,0.539546209,1.79225472073744,0.628287959,0.222332305,0.141150761,1.25290320380479,2.19722457733622,2.14006616349627,NA,0.693147180559945,1.09861228866811,NA,0.916290731874155,"Invertivore",29.97,3.49529470504127,2,"1"
"181","Notropis leuciodus",0.552884459,0.431556014,0.399332721401879,0.56311308,1.83059236937108,0.647307708,0.19997474,0.173104477,1.46438049826474,2.19722457733622,2.21920348405499,3.63758615972639,0.916290731874155,1.38629436111989,6.90875477931522,0.756121979721334,"Invertivore",23.24,1.87640694328834,0,"2"
"182","Notropis lutipinnis",0.516551555,0.506248447,0.466700450377286,0.552795031,1.55847146883554,0.468984472,0.239149068,0.18355298,1.22034819092459,2.19722457733622,2.14006616349627,3.70499883599382,1.09861228866811,1.79175946922805,6.68586094706836,0.955511445027436,"Invertivore",27.05,1.62136648329937,0,"2"
"183","Notropis micropteryx",0.54744934,0.481251497,0.384852775409024,0.504605316,1.77671078852991,0.541974619,0.285002794,0.139894217,1.33007800093743,NA,1.97408102602201,NA,0.693147180559945,1.38629436111989,6.78953464759471,0.78845736036427,"Invertivore",23.97,2.28033948404673,2,"2"
"184","Notropis photogenis",0.549783178,0.533865213,0.436553538577231,0.585904968,1.86618704598136,0.60305388,0.2412222,0.153500643,1.4362547084531,2.70805020110221,2.70805020110221,4.14313472639153,0.916290731874155,1.38629436111989,8.41205487329293,0.703097511413113,"Invertivore",22.92,2.1701959049483,0,"1"
"185","Notropis shumardi",0.580134755,0.433810612,0.484212794834702,0.502299634,1.69180902143001,0.598237004,0.223788797,0.155853675,1.33794037247458,2.39789527279837,2.39789527279837,3.73766961828337,1.09861228866811,1.38629436111989,6.90875477931522,0.693147180559945,"Invertivore",30.2,5.25801606977451,0,"1"
"186","Notropis simus",0.5073978,0.377222028,0.346751508416882,0.470593978,1.59531784848025,0.561411359,0.228389889,0.194915237,1.21119055647041,2.39789527279837,2.39789527279837,4.02980604108453,0.693147180559945,1.38629436111989,7.5422134631934,0.631271776841858,"Omnivore",29.1,2.23323501485925,0,"1"
"187","Notropis spectrunculus",0.553627415,0.289446852,0.393748031825668,0.469444705,1.90938895265145,0.644009016,0.22366744,0.15952818,1.37764483307079,2.19722457733622,2.14006616349627,3.87120101090789,0.693147180559945,1.38629436111989,6.90875477931522,NA,"Invertivore",21.97,1.21194097397511,2,"1"
"188","Notropis stramineus",0.545412046,0.382686611,0.359810039187878,0.530547179,1.62889091999297,0.511484251,0.263745898,0.162641024,1.28744737683974,2.19722457733622,2.2082744135228,3.85014760171006,0.916290731874155,1.38629436111989,7.24850407237061,0.593326845277734,"Omnivore",26.15,2.31154483436552,1,"1"
"189","Notropis telescopus",0.664347465,0.465822347,0.361457800025527,0.474462099,1.77729096828092,0.632400351,0.21795825,0.20870442,1.3387006909909,2.56494935746154,2.34180580614733,3.8286413964891,1.09861228866811,1.38629436111989,6.90875477931522,0.828551817566148,"Invertivore",25.11,2.30856716467159,0,"1"
"190","Notropis texanus",0.596754943,0.454914304,0.334176474804111,0.504110622,1.63532911686522,0.508208949,0.282784567,0.186456357,1.25861781822085,2.30258509299405,2.26176309847379,3.65065824129374,1.09861228866811,1.94591014905531,6.47543271670409,0.598836501088704,"Herbivore-detritivore",28.69,2.51041194019636,0,"1"
"191","Notropis volucellus",0.523342476,0.389204387,0.337484364960762,0.56716108,1.71525264158136,0.569783571,0.310058387,0.168098617,1.3771120870281,2.19722457733622,2.15176220325946,3.51154543883102,0.693147180559945,1.38629436111989,5.8735252492433,0.641853886172395,"Omnivore",25.22,2.76506045581899,0,"2"
"192","Notropis wickliffi",0.670189454,0.382279589,0.347126743812165,0.493378546,1.69871039835581,0.582374389,0.195558959,0.186355288,1.34388926597977,NA,2.17475172148416,NA,NA,NA,NA,NA,"Omnivore",26.22,5.92018334510302,8,NA
"193","Noturus eleutherus",0.242960806,0.338015503,0.308217196847621,0.697224123,1.77533050397906,0.650365289,0.45447817,0.159471416,0.99845177766898,NA,2.63905732961526,3.76120011569356,1.09861228866811,1.79175946922805,4.34380542185368,1.06471073699243,"Invertivore",25.78,3.52577211624379,1,"4"
"194","Noturus flavus",0.349859803,0.264218641,0.230498706124051,0.586166815,1.8506812770597,0.668075602,0.412320181,0.167163925,1.02877278567554,3.46573590279973,3.46573590279973,4.75789127300576,1.50407739677627,2.30258509299405,6.54821910276237,1.2947271675944,"Invertivore",25.28,2.32140684723463,0,"4"
"195","Noturus gyrinus",0.274446036,0.276521888,0.220239190538687,0.565012387,1.78600693659341,0.5461886,0.406554792,0.169448411,0.903522380712894,2.63905732961526,2.63905732961526,3.89182029811063,0.916290731874155,1.6094379124341,5.21493575760899,1.02961941718116,"Invertivore",27.62,2.40423874672055,0,"4"
"196","Noturus nocturnus",0.271097744,0.344339476,0.433538514491424,0.660394517,1.98406270099341,0.691131689,0.462268367,0.14921107,0.957657925458388,2.77258872223978,2.77258872223978,4.26969744969996,0.916290731874155,1.70474809223843,4.62005879848184,1.17865499634165,"Invertivore",29.09,2.7324175575505,0,"4"
"197","Oncorhynchus mykiss",0.260275693,0.578881876,0.604152623458879,0.61845685,1.44851382344303,0.456782981,0.289280095,0.163623674,1.25841110114969,4.79579054559674,4.59005654817804,5.4624325214,1.38629436111989,2.484906649788,8.25932878737364,1.68268837417369,"Invertivore-piscivore",20.88,1.69744878975681,0,"2"
"198","Opsopoeodus emiliae",0.632386747,0.55649195,0.252523872386219,0.50430507,1.71965900936475,0.508726434,0.239110162,0.148191858,1.48316101308364,2.07944154167984,2.00148000021012,3.91202300542815,0.916290731874155,1.38629436111989,5.6021188208797,0.657520002916794,"Omnivore",29.08,2.89203703721523,0,"4"
"199","Oreochromis mossambicus",0.221400067,0.500847926,0.281641098958556,0.558858251,1.16406185655154,0.571703629,0.280433988,0.349541403,1.20416545826697,3.68887945411394,3.68887945411394,4.61512051684126,0.470003629245736,2.45702144629846,6.85751406254539,1.38629436111989,"Omnivore",26.67,2.4706386779903,0,"5"
"200","Oxyeleotris lineolata",0.418052205,0.359965891,0.519020421899659,0.520187599,1.8236240376836,0.594465045,0.617204357,0.206586059,1.17502203157099,3.8286413964891,3.8286413964891,5.52545293913178,1.38629436111989,2.07944154167984,12.2060776455177,1.01160091167848,"Invertivore-piscivore",31.66,2.10900034392138,1,"3"
"201","Pachychilon pictum",0.45480303,0.43636652,0.241495334488,0.457590199,1.55966637075125,0.550830837,0.176123987,0.162700916,1.17751168793668,3.04452243772342,2.89037175789616,NA,NA,NA,NA,NA,"Omnivore",24.05,3.41542896390888,5,"1"
"202","Parachondrostoma miegii",0.463490795,0.322560554,0.425407649798875,0.379653979,1.71333853937277,0.61562476,0.228527489,0.154280719,1.09761207195144,3.25809653802148,3.34462703017376,3.25809653802148,1.09861228866811,NA,6.90875477931522,0.916290731874155,"Herbivore-detritivore",23.62,1.46787434811231,1,"1"
"203","Parachondrostoma toxostoma",0.432179532,0.465760725,0.257462602464855,0.547940595,1.68575130870838,0.438372109,0.236337246,0.156697815,1.28780688111397,3.43398720448515,3.43398720448515,3.58351893845611,1.38629436111989,2.39789527279837,8.62622695244036,NA,"Omnivore",23.16,2.55412171880947,1,"1"
"204","Perca flavescens",0.388464514,0.401412646,0.469330355773008,0.487982482,1.5373363531948,0.47006921,0.329288079,0.179624041,1.28282001635616,3.93182563272433,3.93182563272433,5.06575459331733,1.38629436111989,2.484906649788,11.5662387178672,1.04731899428056,"Invertivore-piscivore",22.55,2.36743606531366,0,"2"
"205","Perca fluviatilis",0.392577779,0.500006853,0.436069779419164,0.542378805,1.46949078544333,0.541426241,0.313523663,0.178178311,1.43368577177529,4.11087386417331,4.06044301054642,4.81218435537242,1.38629436111989,2.9704144655697,10.3953648859562,1.03673688495002,"Invertivore-piscivore",19.77,1.71199450075919,0,"3"
"206","Percina aurantiaca",0.41219592,0.27568063,0.407366588481307,0.560296743,1.81550601329849,0.531325549,0.468611247,0.17905916,1.0271336534431,NA,2.94443897916644,4.63957161270542,1.09861228866811,1.6094379124341,6.62140565176413,1.1314021114911,"Invertivore",22.2,1.83098018238134,1,"2"
"207","Percina burtoni",0.496848517,0.210771141,0.46999129104462,0.570655498,1.99146979977832,0.657156359,0.536360941,0.19002638,1.22761598958197,NA,2.83321334405622,4.65396035015752,1.25276296849537,2.07944154167984,6.68586094706836,0.817574758934997,"Invertivore",23.8,2.19165353228676,1,"2"
"208","Percina caprodes",0.479622892,0.404940529,0.492183052884106,0.628528375,1.91326122601024,0.576084356,0.461919436,0.145956066,1.35859510255232,2.94443897916644,2.94443897916644,4.63957161270542,0.916290731874155,1.6094379124341,7.37838371299671,0.837247524533702,"Invertivore",24.92,2.79545039138304,0,"2"
"209","Percina copelandi",0.477850746,0.443383939,0.296083251017636,0.709400057,1.95081862717085,0.681753429,0.49459685,0.246038638,1.22121461081172,2.07944154167984,2.10413415427021,3.58351893845611,0.693147180559945,1.6094379124341,6.28599809450886,0.8754687373539,"Invertivore",26.64,3.13200989184654,0,"2"
"210","Percina evides",0.404089552,0.341169123,0.450019829088744,0.585306292,1.8122883921848,0.536442028,0.476760851,0.23605686,1.32661991516524,2.39789527279837,2.36085400111802,4.23410650459726,1.09861228866811,1.6094379124341,5.58724865840025,0.896088024556636,"Invertivore",24.8,2.68988623047454,0,"2"
"211","Percina macrolepida",0.500318081,0.464994188,0.405306612881793,0.635069562,1.97059322334236,0.55999175,0.390122623,0.176974243,1.24780522746743,2.484906649788,2.484906649788,4.36309862478836,1.09861228866811,1.6094379124341,5.62040086571715,0.8754687373539,"Invertivore",30.51,2.98061863574394,0,"2"
"212","Percina maculata",0.542362541,0.372678922,0.443044010766348,0.549215686,1.86195292696727,0.578514706,0.392279412,0.177563832,1.36115755034436,2.484906649788,2.484906649788,4.30406509320417,0.916290731874155,1.6094379124341,6.95033572651726,0.916290731874155,"Invertivore",24.53,2.17247640764703,0,"2"
"213","Percina phoxocephala",0.547276906,0.336492208,0.322648292541856,0.521565625,1.89857465104585,0.576101252,0.398360508,0.202945723,1.28961748330917,2.39789527279837,2.36085400111802,3.8286413964891,0.693147180559945,1.79175946922805,6.93342302573071,0.896088024556636,"Invertivore",27.34,3.10368941505908,0,"2"
"214","Percina sciera",0.461411023,0.28682921,0.38167427182862,0.535692706,1.81168505367058,0.603417895,0.451352574,0.177652092,1.40541053055385,2.63905732961526,2.63905732961526,3.95124371858143,0.693147180559945,1.70474809223843,6.94793706861497,0.916290731874155,"Invertivore",28.89,2.78562833574758,0,"2"
"215","Percina shumardi",0.439712863,0.265235331,0.356950946246591,0.49908513,1.72362777574943,0.59230454,0.417899003,0.211034959,NA,2.19722457733622,2.17475172148416,3.97968165390196,0.693147180559945,1.6094379124341,6.68586094706836,0.741937344729377,"Invertivore",27.32,4.92202263573965,1,"1"
"216","Percina squamata",0.467112598,0.363156813,0.545436194987898,0.557931424,1.92389155085678,0.568421593,0.479387888,0.192395446,1.13169118970397,NA,2.63905732961526,NA,1.09861228866811,1.6094379124341,7.31388683163346,NA,"Invertivore",22.78,1.90508815453506,3,"1"
"217","Percina williamsi",0.447355255,0.462581477,0.609994271010673,0.651499716,0.466664607160816,NA,0.207340317,NA,NA,NA,2.31253542384721,4.33073334028633,1.09861228866811,1.6094379124341,6.68586094706836,0.883767540168595,"Invertivore",22.95,1.81645208181843,6,NA
"218","Percopsis omiscomaycus",0.405373194,0.22581368,0.275514350305119,0.498044927,1.75602692333956,0.780258809,0.227225366,0.203748974,1.48531577168923,3.04452243772342,3.04452243772342,4.29728540621879,0.916290731874155,2.19722457733622,6.94070637912182,0.947789398933526,"Invertivore",21,4.92703627021994,0,"1"
"219","Phenacobius crassilabrum",0.392192289,0.33501663,0.254454525566589,0.651147426,1.81461812928514,0.567417949,0.302340416,0.137795386,1.22546398257017,NA,2.484906649788,4.30406509320417,0.916290731874155,1.33500106673234,7.60140233458373,NA,"Invertivore",21.62,1.42551507427317,2,"4"
"220","Phenacobius mirabilis",0.373708216,0.284658877,NA,0.558431964,1.75039679801294,0.603279306,0.226709386,0.174021911,1.23867023012977,2.56494935746154,2.56494935746154,4.51085950651685,1.09861228866811,1.79175946922805,7.12367278520461,0.824175442966349,"Invertivore",27.69,2.59450815970308,1,"1"
"221","Phenacobius uranops",0.477940466,0.173533683,0.281309509988129,0.683657516,2.08398073792304,0.709709199,0.39846397,0.169172891,1.45002687502088,2.56494935746154,2.56494935746154,4.38202663467388,0.916290731874155,1.38629436111989,7.60140233458373,NA,"Invertivore",24.86,2.55722731136763,1,"1"
"222","Philypnodon grandiceps",0.584814692,0.556163697,0.463204038082678,0.615209105,1.93123714714593,0.716695462,NA,NA,1.21849025671677,2.56494935746154,2.56494935746154,3.76120011569356,0.693147180559945,1.38629436111989,7.60140233458373,0.916290731874155,"Invertivore",24.57,1.11185751541813,3,"3"
"223","Philypnodon macrostomus",0.584814692,0.556163697,0.463204038082678,0.615209105,0.540401199847436,NA,NA,NA,NA,NA,1.79175946922805,3.25809653802148,0.693147180559945,1.38629436111989,5.52545293913178,0.53062825106217,"Invertivore",25.13,0.85015092936961,6,"3"
"224","Phoxinus bigerri",0.476713074,0.189093023,0.326513969400838,0.454790698,0.41397146161413,NA,0.145108122,NA,NA,NA,2.2082744135228,3.93182563272433,1.09861228866811,2.19722457733622,7.7367436824535,0.854415328156068,"Invertivore",21.86,1.80500469597808,4,"1"
"225","Phoxinus phoxinus",0.476713074,0.189093023,0.326513969400838,0.454790698,1.83914591706123,0.512813953,0.294453488,0.145108122,1.35177915335099,2.70805020110221,2.70805020110221,3.93182563272433,1.09861228866811,2.19722457733622,7.7367436824535,0.854415328156068,"Omnivore",18.24,1.88555334851442,0,"1"
"226","Pimephales notatus",0.458908922,0.354958525,0.299436610881799,0.529953917,1.71372900862672,0.534582949,0.216785714,0.126774216,1.32176915669365,2.484906649788,2.484906649788,3.9269116179219,0.693147180559945,1.6094379124341,7.88269220628903,0.72270598280149,"Omnivore",24.99,2.36837283353205,0,"4"
"227","Pimephales promelas",0.590588117,0.427274563,0.314992759769751,0.499886244,1.75679669862422,0.636666015,0.213797501,0.161043194,1.24771715203352,2.39789527279837,2.39789527279837,4.02535169073515,0.765467842139571,1.94591014905531,8.59100111856096,0.693147180559945,"Omnivore",25.4,1.87946504964716,0,"4"
"228","Pimephales vigilax",0.487987952,0.456046247,0.326430593370623,0.607769556,1.66644354768177,0.586568293,0.282704716,0.183721189,1.28119166250217,2.30258509299405,2.29253475714054,3.93182563272433,0.693147180559945,1.79175946922805,6.56667242980324,0.741937344729377,"Omnivore",29.49,3.04404613383254,0,"4"
"229","Platichthys flesus",0.320122103,0.51860754,0.333504253656856,0.610478062,1.17542974573111,0.30865788,0.464029012,0.137147459,1.21110694114736,4.11087386417331,4.02535169073515,5.14166355650266,1.32175583998232,2.77258872223978,13.9332944825092,0.741937344729377,"Invertivore",19.27,1.69009581545155,0,"1"
"230","Poecilia reticulata",0.584171753,0.807199679,0.313435590375707,0.659657349,1.58248884235729,0.548578675,0.45266202,0.149295456,0.99065085057912,1.94591014905531,1.94591014905531,2.83321334405622,0.262364264467491,0.693147180559945,3.43398720448515,0.974559639998131,"Omnivore",25.82,2.51122395810537,0,"5"
"231","Polyodon spathula",0.388798331,0.360698597,0.429692364957672,0.56573728,2.05128401178121,0.37708989,0.221438172,0.109281629,1.68264032562161,5.40267738187228,5.40267738187228,7.16703787691222,2.2512917986065,3.43398720448515,13.2014536316381,1.37371557891303,"Invertivore",28.67,4.99376037687141,0,"1"
"232","Pomoxis annularis",0.437037037,0.448093767,0.430677910579568,0.459940079,1.29920544021472,0.483815476,0.294835359,0.218336949,1.27759870979704,3.98898404656427,3.98898404656427,5.01727983681492,1.25276296849537,2.63905732961526,12.0093853944969,0.615185639090233,"Invertivore-piscivore",27.82,2.68307421503203,0,"4"
"233","Pomoxis nigromaculatus",0.344596161,0.502919306,0.490934775162426,0.518641217,1.14482361429951,0.439424956,0.335282932,0.207328124,1.2525224698636,3.91202300542815,3.91202300542815,5.01727983681492,1.25276296849537,2.63905732961526,11.4668919976182,0.678033542749897,"Invertivore-piscivore",26.2,2.66305283517147,0,"4"
"234","Ponticola kessleri",0.301847685,0.59088589,0.524767661305396,0.782304661,1.84092970465332,0.748637171,0.644643623,0.19522075,1.23576839939085,3.13549421592915,3.13549421592915,4.44265125649032,1.09861228866811,NA,6.71659477352098,NA,"Invertivore-piscivore",21.27,4.33362389544571,2,"3"
"235","Porochilus rendahli",0.373249315,0.456795128,0.237543612565052,0.509351786,1.75018144159094,0.42338512,0.258786153,0.103934901,0,3.04452243772342,3.2188758248682,4.70953020131233,0.693147180559945,1.6094379124341,6.90875477931522,0.832909122935104,"Invertivore",31.47,1.79342474854712,1,"1"
"236","Proterorhinus semilunaris",0.349765636,0.476977486,0.440173334134587,0.724972731,1.76145580823643,0.757464735,0.571883397,0.222763531,1.11272384235119,NA,2.35137525716348,3.71357206670431,0.916290731874155,1.79175946922805,4.61512051684126,0.832909122935104,"Invertivore",21.49,4.42986396408804,2,"4"
"237","Pseudomugil mellis",0.732767857,0.644360219,0.413043462371206,0.518817624,0.414700369498706,NA,0.200663782,NA,NA,NA,1.66770682055808,2.30258509299405,0.262364264467491,1.09861228866811,4.83628190695148,0.78845736036427,"Herbivore-detritivore",27.33,0.672944473242426,5,"1"
"238","Pseudomugil signifer",0.732767857,0.644360219,0.413043462371206,0.518817624,1.5844605400335,0.513917057,0.615048593,0.200663782,1.3276447439004,2.07944154167984,2.19722457733622,3.2188758248682,0.405465108108164,1.09861228866811,4.33073334028633,0.8754687373539,"Invertivore",27.07,1.04027671165515,1,"1"
"239","Pseudorasbora parva",0.46969697,0.586216929,0.251442366318709,0.581906621,1.74844282816297,0.568960612,0.275859691,0.145461399,1.20743096558769,2.484906649788,2.58776403522771,3.56953269648137,0.693147180559945,1.79175946922805,7.71244383427499,0.883767540168595,"Omnivore",22.55,3.00766084441926,0,"3"
"240","Pungitius pungitius",0.547368421,0.518242705,0.355891479510612,0.507155518,1.79917294637331,0.565065845,0.474768323,0.155576596,2.0728673473175,2.30258509299405,2.30258509299405,4.01638302075239,0.916290731874155,1.6094379124341,5.18738580584075,0.802001585472027,"Invertivore",19.74,2.0515563381903,0,"4"
"241","Pylodictis olivaris",0.291049242,0.413166319,0.297404541702902,0.611500816,1.80116935852444,0.540694424,0.318137226,0.15538586,1.11709483752768,5.04985600724954,5.04985600724954,5.83627165770228,1.70474809223843,3.2188758248682,10.8597487164541,1.44691898293633,"Piscivore",28.11,3.05447276857659,0,"4"
"242","Redigobius bikolanus",0.450424274,0.449641467,0.347631864268721,0.609119262,1.51956380756451,0.65384971,0.56677623,0.228959464,0.980934604962015,1.6094379124341,1.64865862558738,3.04452243772342,0.587786664902119,1.38629436111989,7.31388683163346,0.262364264467491,"Invertivore",27.76,2.27006190128849,0,"3"
"243","Retropinna semoni",0.507198667,0.614536945,0.474382506080395,0.644816338,1.89193781013277,0.680683591,0.193050631,0.148141527,1.38589228804935,2.39789527279837,2.39789527279837,3.52636052461616,0.405465108108164,1.09861228866811,6.90875477931522,0.548121408509688,"Invertivore",25.92,1.3244189574018,1,"1"
"244","Rhadinocentrus ornatus",0.496855142,0.553593226,0.394905072682933,0.435421117,1.59010164719823,0.588266707,0.516611993,0.204323242,1.22014230273594,1.94591014905531,2.19722457733622,2.94443897916644,0.587786664902119,1.6094379124341,5.01727983681492,0.810930216216329,"Invertivore",25.7,0.832909122935104,1,"1"
"245","Rhinichthys atratulus",0.452439846,0.344501988,0.334529652454335,0.571343077,1.86211814209464,0.588317285,0.36548126,0.171886715,1.10510058673089,2.56494935746154,2.39789527279837,4.29045944114839,1.09861228866811,1.6094379124341,8.4676877715124,0.916290731874155,"Omnivore",22.51,1.84371920815877,0,"2"
"246","Rhinichthys cataractae",0.27603937,0.325227642,0.389757078453852,0.638211382,1.78036622112864,0.516260163,0.353682927,0.202798367,1.19313298994656,3.13549421592915,2.9338568698359,4.33073334028633,1.09861228866811,1.79175946922805,7.04009846596985,0.955511445027436,"Invertivore",21.71,1.8229350866965,0,"2"
"247","Rhodeus amarus",0.509007617,0.384101293,0.320838923556812,0.460064888,1.24148574294667,0.3342143,0.250959949,0.135593304,1.19974045626303,2.39789527279837,2.37490575457367,3.51154543883102,0.693147180559945,1.80828877117927,4.74927052996185,1.33500106673234,"Omnivore",21.67,2.92423627184892,0,"5"
"248","Rhodeus sericeus",0.494956238,0.432248832,0.28237352802982,0.507015187,1.3192736341234,0.397224299,0.27571028,0.182189833,1.16314803198932,2.484906649788,2.4423470353692,3.62886402170395,1.20297230399235,1.79175946922805,4.84418708645859,1.33762918913861,"Omnivore",22.43,3.19581188526965,0,"2"
"249","Rutilus rutilus",0.495975923,0.375354359,0.347506298978525,0.454568915,1.41587477769095,0.396746834,0.272767541,0.161648046,1.5721065915426,3.93182563272433,3.94481927984323,4.91265488573605,1.50407739677627,2.89037175789616,10.9046279432366,0.824175442966349,"Omnivore",19.91,1.82937633279936,0,"1"
"250","Salaria fluviatilis",0.255084507,0.345336634,0.434166621299591,0.730257426,1.73984412983167,0.702970297,0.582831683,0.189361263,1.22348995617199,2.77258872223978,2.77258872223978,2.39789527279837,0.693147180559945,1.79175946922805,6.5875500148248,0.693147180559945,"Invertivore",25.03,1.98513086220859,0,"4"
"251","Salmo salar",0.20859375,0.424334804,0.59720398794528,0.467510023,1.60070607929697,0.421093263,0.244620095,0.124212585,1.40522483565237,5.01727983681492,5.01727983681492,6.53087762772588,2.01490302054226,2.70805020110221,9.25922576970599,1.94591014905531,"Invertivore-piscivore",17.25,1.80664808172181,0,"2"
"252","Salmo trutta",0.309869711,0.490952251,0.58156031859751,0.58732926,1.63759819584469,0.405012258,0.262271861,0.126765961,1.31236838040472,4.61512051684126,4.79579054559674,5.16860723502529,1.38629436111989,3.39013643430273,8.53473837063199,1.65057985576528,"Invertivore-piscivore",19.17,1.56234630490025,0,"2"
"253","Salvelinus alpinus",0.271921287,0.54224371,0.558279782162734,0.640026718,1.65937642975549,0.477158943,0.324259677,0.168286183,1.352076114819,4.68213122712422,4.68213122712422,5.94933962080731,1.55814461804655,3.71357206670431,7.96276393016811,1.7227665977411,"Invertivore-piscivore",12.25,1.49065437644413,0,"2"
"254","Salvelinus fontinalis",0.320154569,0.56764812,0.661254283978327,0.6354576,1.49780937123871,0.438863261,0.277230417,0.153272033,1.18802780082413,4.46590811865458,4.40366580977736,5.45673037829032,1.42791603581071,2.61520365073586,7.956389197844,1.66959183525385,"Invertivore-piscivore",18.87,1.32175583998232,0,"2"
"255","Sander canadensis",0.347475989,0.342916634,0.59450794143164,0.491267055,1.80560545956244,0.53014187,0.252316637,0.14582914,1.33012555545621,4.34380542185368,4.34380542185368,5.58911956633606,1.50407739677627,2.63905732961526,11.6708262472225,0.810930216216329,"Piscivore",25.28,5.28730697402798,0,"1"
"256","Sander lucioperca",0.493332767,0.228995964,0.503045308253521,0.388211694,1.69309391334023,0.380940055,0.34755846,0.146019498,1.47893251606142,4.61512051684126,4.85592890433527,5.90718579672743,1.54115907168081,2.90853906185161,12.5335798157657,0.783901543828409,"Piscivore",21.07,2.2170272046324,0,"4"
"257","Sander vitreus",0.404434821,0.346393314,0.556382444022567,0.514283368,1.71113753565503,0.485716632,0.417830685,0.140581441,1.36118126987201,4.68213122712422,4.68213122712422,5.94148617730174,1.70474809223843,3.40119738166216,12.6729495165583,1.08180517035173,"Piscivore",24.18,2.88032142204266,0,"1"
"258","Sarmarutilus rubilio",0.481140673,0.463005154,0.306011649901385,0.537126999,1.49098291863941,0.417634465,0.263480904,0.187417632,1.17618631257092,3.25809653802148,3.32862668882732,4.12713438504509,0.810930216216329,1.94591014905531,9.39307850865535,0.832909122935104,"Omnivore",25.52,1.78674692740451,1,"1"
"259","Scaphirhynchus platorynchus",0.299085821,0.159404118,NA,0.697987161,2.57377340311308,0.776732795,0.391264654,0.139736973,1.76838585810183,4.61512051684126,4.61512051684126,6.11146733950268,1.90954250488444,2.56494935746154,10.5966597327836,1.26271329934854,"Invertivore",28.37,5.96267919567623,1,"1"
"260","Scardinius erythrophthalmus",0.411987001,0.494324335,0.244859662809693,0.521564013,1.33301698474277,0.398127821,NA,NA,1.46736041929933,3.95124371858143,3.94642443214548,4.29959566069472,1.20297230399235,2.94443897916644,12.0867315216846,0.858661619037519,"Omnivore",20.78,2.01756613796175,2,"1"
"261","Semotilus atromaculatus",0.218166096,0.289871763,0.384673746615386,0.509366999,1.63216477195338,0.565369809,0.266353769,0.160649081,1.16491598035009,3.43398720448515,3.43398720448515,4.18965474202643,0.916290731874155,2.07944154167984,8.37286082052632,0.936093359170335,"Invertivore-piscivore",24.79,1.92716410623426,0,"4"
"262","Silurus glanis",0.210233364,0.526157027,0.321365595160874,0.57179471,1.92277989827045,0.511623001,0.423543433,0.106003825,1.163172055205,6.21660610108486,6.03468446431224,6.39859493453521,1.38629436111989,4.02535169073515,12.889172015486,1.15373158788919,"Piscivore",21.93,3.17220341666977,0,"3"
"263","Squalius cephalus",0.359761796,0.532037571,0.379848739319717,0.608186863,1.52009889593769,0.356574909,0.344020273,0.172295685,1.28101717532337,4.45434729625351,4.1640727188762,5.14749447681345,1.38629436111989,2.77258872223978,11.2182322048159,0.86288995514704,"Omnivore",21.08,2.29051251175978,0,"1"
"264","Squalius laietanus",0.359761796,0.532037571,0.379848739319717,0.608186863,0.304963073855334,NA,0.172295685,NA,NA,NA,3.04927304048202,5.14749447681345,1.38629436111989,2.77258872223978,11.2182322048159,0.86288995514704,"Omnivore",25.06,1.67896397508271,4,"1"
"265","Tandanus tandanus",0.288607032,0.296681489,0.158411020531318,0.573341784,1.70692946386189,0.606994431,0.316900091,0.174381494,1.38249838275169,4.51085950651685,4.51085950651685,5.70711026474888,1.6094379124341,2.56494935746154,9.90353755128617,1.25276296849537,"Invertivore",27.08,1.49290409617815,1,"4"
"266","Telestes souffia",0.4,0.49956701,0.389798581781225,0.580587629,1.76211475263598,0.618556701,0.216412371,0.158638889,1.37790861280888,3.25809653802148,3.17805383034795,3.43398720448515,1.38629436111989,NA,8.61268517287546,1.09861228866811,"Invertivore",22.53,2.26695791535089,1,"1"
"267","Thymallus thymallus",0.432042983,0.469727328,0.432238026905033,0.62623673,1.75065919328278,0.429672819,0.314898013,0.161065146,1.53314958614259,4.11087386417331,4.05468508615978,5.02716459604747,1.25276296849537,2.56494935746154,9.24322664176092,1.30019166206648,"Invertivore",16.95,2.08442908319087,0,"2"
"268","Tinca tinca",0.2064545,0.41207078,0.307054505021595,0.520095421,1.32365079861358,0.464568644,0.231055269,0.185072694,0.922232116839318,4.26267987704132,4.32413265625498,5.432279916211,1.50407739677627,3.32034879379883,12.9715428132484,0.708035793053696,"Omnivore",20.97,1.94161522477243,0,"1"
"269","Trachystoma petardi",NA,NA,NA,NA,NA,NA,NA,NA,NA,4.40671924726425,4.40671924726425,5.88887795833288,1.6094379124341,2.70805020110221,NA,NA,"Herbivore-detritivore",25.59,0.841567185678219,13,NA
"270","Umbra limi",0.51628033,0.434617939,0.379706571906349,0.505221803,1.64684780916389,0.547628637,0.240270064,0.163310351,1.0282368658259,2.70805020110221,2.70805020110221,4.28358656186063,1.09861228866811,2.30258509299405,7.12608727329912,0.8754687373539,"Invertivore",22.39,2.23751309625033,0,"2"
"271","Xiphophorus hellerii",0.526537503,0.599908497,0.234240938897682,0.491299792,1.40003754322811,0.450197028,0.374212259,0.183575136,1.10757565011892,2.83321334405622,2.70805020110221,3.94739014926544,0.631271776841858,1.38629436111989,7.18614430452233,NA,"Omnivore",26.39,2.40423874672055,2,"5"
"272","Xiphophorus maculatus",0.508052221,0.6084867,0.245610721247881,0.533869036,1.20963695061967,0.399780021,NA,NA,1.04944044346774,1.94591014905531,1.94591014905531,3.06011453248326,0.371563556432483,1.30019166206648,3.93182563272433,NA,"Omnivore",27.76,2.56186769092413,3,"5"
